agency,agency,Latitude,Longitude,actively_employed,De-escalation,Mental,Race,(blank),Grand Total,mental_de-escalation_total_over_5_years,mental_deescalation_per_officer,mental_deescalation_per_officer_per_year
G2353 BAINBRIDGE COLLEGE POLICE DEPARTMENT,Bainbridge College Police Department  ,30.888734,-84.617836,5,226,330,44,2412,3012,556,111.2,23
G2295 GEORGIA GWINNETT COLLEGE POLICE DEPT.,Georgia Gwinnett College Police Dept. ,33.874115,-84.259836,29,224,1402,,7069,8695,1626,56.1,11.6
G2296 BOARD OF REGENTS POLICE,Board Of Regents Police  ,33.747964,-84.390208,3,66,100,44,905,1115,166,55.3,11.4
G2307 DUNWOODY POLICE DEPARTMENT,Dunwoody Police Department   ,33.926072,-84.336018,58,630,2362,16,57804,60812,2992,51.6,10.7
G1701 LUTHERSVILLE POLICE DEPARTMENT,Luthersville Police Department   ,33.179184,-84.699455,2,,89,,458,547,89,44.5,9.2
G1256 THOMASVILLE POLICE DEPARTMENT,Thomasville Police Department   ,30.835619,-83.964396,56,745,1422,382,23801,26350,2167,38.7,8
G1257 FOREST PARK POLICE DEPARTMENT,Forest Park Police Department  ,33.608704,-84.377031,83,612,2324,,23928,26864,2936,35.4,7.3
G1737 DECATUR COUNTY SHERIFFS OFFICE,Decatur County Sheriffs Office  ,30.907388,-84.599335,59,680,1300,,8857,10837,1980,33.6,6.9
G1647 LAGRANGE POLICE DEPARTMENT,Lagrange Police Department   ,33.024935,-84.957664,88,136,2500,468,35248,38352,2636,30,6.2
G1061 CHEROKEE CO. BOARD OF EDUCATION POLICE,Cherokee Co. Board Of Education Police,34.235581,-84.49251,16,24,420,,3627,4071,444,27.8,5.7
G2102 GLYNN COUNTY SCHOOL POLICE,Glynn County School Police  ,31.147454,-81.491162,29,16,767,134,4063,4980,783,27,5.6
G1570 EMORY UNIVERSITY POLICE DEPARTMENT,Emory University Police Department  ,33.790529,-84.318032,69,142,1691,428,15689,17950,1833,26.6,5.5
G1312 JONESBORO POLICE DEPARTMENT,Jonesboro Police Department   ,33.518812,-84.354241,33,52,803,,7815,8670,855,25.9,5.4
G1308 DECATUR POLICE DEPARTMENT,Decatur Police Department   ,33.7734,-84.301423,54,182,1198,336,15258,16974,1380,25.6,5.3
G1351 MOULTRIE POLICE DEPARTMENT,Moultrie Police Department   ,31.183438,-83.789698,37,93,855,138,11189,12275,948,25.6,5.3
G1125 UNIVERSITY OF NORTH GEORGIA POLICE DEPT.,University Of North Georgia Police Dept.,34.532387,-83.985269,44,591,470,78,5111,6250,1061,24.1,5
G1547 CLAYTON COUNTY POLICE DEPARTMENT,Clayton County Police Department  ,33.541294,-84.344984,370,2602,6414,832,145230,155078,9016,24.4,5
G1673 ROSWELL POLICE DEPARTMENT,Roswell Police Department   ,34.021489,-84.359771,192,680,3825,42,75553,80100,4505,23.5,4.9
G1016 UNIVERSITY OF GEORGIA POLICE DEPARTMENT,University Of Georgia Police Department ,33.957419,-83.370921,100,657,1704,857,34490,37708,2361,23.6,4.9
G1426 ALBANY POLICE DEPARTMENT,Albany Police Department   ,31.575274,-84.15138,166,436,3510,36,54032,58014,3946,23.8,4.9
G1087 JEFFERSON POLICE DEPARTMENT,Jefferson Police Department   ,34.128006,-83.584862,3,40,28,15,4519,4602,68,22.7,4.7
G1244 SAVANNAH CHATHAM METRO PD,Savannah Chatham Metro Pd  ,31.971394,-81.07156,791,4832,13187,255,227253,245527,18019,22.8,4.7
G1084 Albany State University Police Department,Albany State University Police Department ,31.572081,-84.144279,28,47,594,44,4483,5168,641,22.9,4.7
G1302 BRUNSWICK POLICE DEPARTMENT,Brunswick Police Department   ,31.145895,-81.495483,62,223,1169,97,16657,18146,1392,22.5,4.6
G1052 ATHENS-CLARKE COUNTY POLICE DEPT,Athens-Clarke County Police Dept  ,33.941125,-83.326707,264,500,4994,1776,77400,84670,5494,20.8,4.3
G1078 PORT WENTWORTH POLICE DEPT.,Port Wentworth Police Dept.  ,32.146228,-81.163589,31,,647,,5516,6163,647,20.9,4.3
G1177 POOLER POLICE DEPARTMENT,Pooler Police Department   ,32.116238,-81.248793,48,120,820,117,13212,14269,940,19.6,4.1
G1287 ADEL POLICE DEPARTMENT,Adel Police Department   ,31.138394,-83.422791,23,116,336,,6993,7445,452,19.7,4.1
G1354 DILLARD POLICE DEPARTMENT,Dillard Police Department   ,34.96756,-83.385544,2,40,,,547,587,40,20,4.1
G1690 ROCKDALE COUNTY SHERIFFS OFFICE,Rockdale County Sheriffs Office  ,33.685752,-84.059126,253,1310,3608,495,78628,84041,4918,19.4,4
G1031 GLENNVILLE POLICE DEPARTMENT,Glennville Police Department   ,31.939896,-81.925826,15,,281,,3117,3398,281,18.7,3.9
G1461 FRANKLIN POLICE DEPARTMENT,Franklin Police Department   ,33.342265,-85.181321,8,48,100,,3242,3390,148,18.5,3.8
G1581 GAINESVILLE POLICE DEPARTMENT,Gainesville Police Department   ,34.288928,-83.82818,99,556,1162,4,36345,38067,1718,17.4,3.6
G1060 CONYERS POLICE DEPARTMENT,Conyers Police Department   ,33.65783,-84.017393,95,300,1365,434,31098,33197,1665,17.5,3.6
G1679 CATOOSA COUNTY SHERIFFS OFFICE,Catoosa County Sheriffs Office  ,34.888709,-85.118699,109,677,1149,,29988,31814,1826,16.8,3.5
G1720 DEKALB COUNTY POLICE DEPARTMENT,Dekalb County Police Department  ,33.842661,-84.245547,937,960,14340,40,276321,291661,15300,16.3,3.4
G1323 COWETA COUNTY SHERIFFS OFFICE,Coweta County Sheriffs Office  ,33.3828,-84.782942,224,248,3431,16,56798,60493,3679,16.4,3.4
G2227 MILTON POLICE DEPARTMENT,Milton Police Department   ,34.100702,-84.265475,39,72,558,56,16027,16713,630,16.2,3.3
G1180 FULTON COUNTY SCHOOLS POLICE DEPARTMENT,Fulton County Schools Police Department ,33.90553,-84.464216,66,168,837,7,13302,14314,1005,15.2,3.2
G2285 JOHNS CREEK POLICE DEPARTMENT,Johns Creek Police Department  ,34.057372,-84.166744,70,108,962,12,24706,25788,1070,15.3,3.2
G1055 ROME POLICE DEPARTMENT,Rome Police Department   ,34.169159,-85.211118,99,134,1391,733,42855,45113,1525,15.4,3.2
G1571 CARROLLTON POLICE DEPARTMENT,Carrollton Police Department   ,33.577311,-85.075731,75,940,220,139,31575,32874,1160,15.5,3.2
G2360 BROOKHAVEN POLICE DEPARTMENT,Brookhaven Police Department   ,33.827147,-84.347381,75,62,1100,24,38897,40083,1162,15.5,3.2
G1390 HOUSTON COUNTY SHERIFFS OFFICE,Houston County Sheriffs Office  ,32.601957,-83.665049,317,1528,3244,52,66862,71686,4772,15.1,3.1
G1161 CHATHAM COUNTY SHERIFFS OFFICE,Chatham County Sheriffs Office  ,32.063019,-81.166584,517,2093,5383,642,93061,101179,7476,14.5,3
G1264 HENRY COUNTY SHERIFF'S OFFICE,Henry County Sheriff'S Office  ,33.422568,-84.171348,291,412,3608,4,66673,70697,4020,13.8,2.9
G1347 GILMER COUNTY SHERIFFS OFFICE,Gilmer County Sheriffs Office  ,34.695418,-84.485281,97,200,1101,6,27330,28637,1301,13.4,2.8
G1021 WAYCROSS POLICE DEPARTMENT,Waycross Police Department   ,31.018954,-82.416543,53,41,677,102,21835,22655,718,13.5,2.8
G1168 COLUMBUS POLICE DEPARTMENT,Columbus Police Department   ,32.524252,-84.955843,469,1676,4707,134,125829,132346,6383,13.6,2.8
G1621 WAYNESBORO POLICE DEPARTMENT,Waynesboro Police Department   ,33.091182,-82.015097,20,208,65,28,6092,6393,273,13.7,2.8
G2319 EAST GEORGIA STATE COLLEGE POLICE DEPARTMENT,East Georgia State College Police Department,32.595494,-82.339444,9,78,38,4,2933,3053,116,12.9,2.7
G1394 MUSCOGEE COUNTY SHERIFFS OFFICE,Muscogee County Sheriffs Office  ,32.524252,-84.955843,368,471,4367,8,52420,57266,4838,13.1,2.7
G1072 SMYRNA POLICE DEPARTMENT,Smyrna Police Department   ,33.888567,-84.516061,140,411,1448,12,32432,34303,1859,13.3,2.7
G1573 WOODSTOCK POLICE DEPARTMENT,Woodstock Police Department   ,34.087557,-84.480005,57,244,513,,24670,25427,757,13.3,2.7
G1670 COVINGTON POLICE DEPARTMENT,Covington Police Department   ,33.595635,-83.8575,58,580,137,18,15163,15898,717,12.4,2.6
G2195 ATLANTA PUBLIC SCHOOLS POLICE DEPARTMENT,Atlanta Public Schools Police Department ,33.748505,-84.391991,72,320,591,,9177,10088,911,12.7,2.6
G1434 GWINNETT COUNTY SHERIFFS OFFICE,Gwinnett County Sheriffs Office  ,33.981742,-83.97274,573,1574,5734,252,138958,146518,7308,12.8,2.6
G1340 THOMASTON POLICE DEPARTMENT,Thomaston Police Department   ,32.896814,-84.312078,28,28,308,,5307,5643,336,12,2.5
G1399 SARDIS POLICE DEPT,Sardis Police Dept   ,32.97516,-81.75761,5,20,40,1,925,986,60,12,2.5
G1047 NEWTON COUNTY SHERIFFS OFFICE,Newton County Sheriffs Office  ,33.633647,-83.81993,225,532,2181,707,57503,60923,2713,12.1,2.5
G1150 KENNESAW POLICE DEPARTMENT,Kennesaw Police Department   ,34.023285,-84.616503,90,204,886,156,24015,25261,1090,12.1,2.5
G1464 DOUGLAS POLICE DEPARTMENT,Douglas Police Department   ,31.506617,-82.851789,40,92,394,,14474,14960,486,12.2,2.5
G1593 DOUGHERTY COUNTY POLICE DEPT.,Dougherty County Police Dept.  ,31.550713,-84.171532,46,,560,,10009,10569,560,12.2,2.5
G1146 POLK COUNTY SHERIFFS OFFICE,Polk County Sheriffs Office  ,34.003988,-85.167103,73,16,874,22,8341,9253,890,12.2,2.5
G1144 VIDALIA POLICE DEPARTMENT,Vidalia Police Department   ,32.218751,-82.408402,42,96,383,116,6061,6656,479,11.4,2.4
G1642 FLOYD COUNTY SHERIFFS OFFICE,Floyd County Sheriffs Office  ,34.280225,-85.142972,144,55,1608,381,19153,21197,1663,11.5,2.4
G1206 CLAYTON COUNTY SHERIFFS OFFICE,Clayton County Sheriffs Office  ,33.514245,-84.362063,299,58,3201,320,55463,59042,3259,10.9,2.3
G1519 BAXLEY POLICE DEPARTMENT,Baxley Police Department   ,31.717717,-82.299677,12,,134,,1630,1764,134,11.2,2.3
G1613 KINGSLAND POLICE DEPARTMENT,Kingsland Police Department   ,30.784384,-81.692042,38,324,105,112,7379,7920,429,11.3,2.3
G2125 GUYTON POLICE DEPARTMENT,Guyton Police Department   ,32.336874,-81.390554,10,20,85,4,880,989,105,10.5,2.2
G1748 HAMPTON POLICE DEPARTMENT,Hampton Police Department   ,33.38479,-84.278883,20,,212,32,2877,3121,212,10.6,2.2
G1068 LAVONIA POLICE DEPARTMENT,Lavonia Police Department   ,34.408031,-83.144241,15,,160,,4373,4533,160,10.7,2.2
G1024 POWDER SPRINGS POLICE DEPT,Powder Springs Police Dept  ,33.867401,-84.6896,35,8,372,24,8731,9135,380,10.9,2.2
G1556 UPSON COUNTY SHERIFFS OFFICE,Upson County Sheriffs Office  ,32.938008,-84.3375,76,40,717,,7292,8049,757,10,2.1
G1522 DOUGLASVILLE POLICE DEPARTMENT,Douglasville Police Department   ,33.748176,-84.704277,97,20,947,312,26757,28036,967,10,2.1
G1030 RICHMOND HILL POLICE DEPT.,Richmond Hill Police Dept.  ,31.93827,-81.30344,33,8,328,,12736,13072,336,10.2,2.1
G1211 PEACHTREE CITY POLICE DEPT,Peachtree City Police Dept  ,33.413883,-84.603023,62,140,493,7,20944,21584,633,10.2,2.1
G1473 WHITESBURG POLICE DEPARTMENT,Whitesburg Police Department   ,33.501244,-84.921779,4,8,33,2,440,483,41,10.3,2.1
G1172 CHEROKEE COUNTY SHERIFFS OFFICE,Cherokee County Sheriffs Office  ,34.196755,-84.49214,354,668,2967,156,131858,135649,3635,10.3,2.1
G1510 ACWORTH POLICE DEPARTMENT,Acworth Police Department   ,34.061716,-84.660521,62,122,522,106,20774,21524,644,10.4,2.1
G1286 STATESBORO POLICE DEPARTMENT,Statesboro Police Department   ,32.445382,-81.786079,80,172,582,3,26426,27183,754,9.4,2
G1131 COLUMBUS STATE UNIVERSITY POLICE DEPT.,Columbus State University Police Dept. ,32.504241,-84.938181,27,32,224,88,8505,8849,256,9.5,2
G1548 COLLEGE PARK POLICE DEPARTMENT,College Park Police Department  ,33.653906,-84.451456,123,481,687,4,27332,28504,1168,9.5,2
G1209 CARTERSVILLE POLICE DEPARTMENT,Cartersville Police Department   ,34.200787,-84.847108,60,243,334,,15698,16275,577,9.6,2
G1512 FORSYTH COUNTY SHERIFFS OFFICE,Forsyth County Sheriffs Office  ,34.202944,-84.140226,340,714,2582,4,117396,120696,3296,9.7,2
G1261 DEKALB COUNTY SHERIFFS OFFICE,Dekalb County Sheriffs Office  ,33.776422,-84.244644,740,2907,4299,2664,107586,117456,7206,9.7,2
G1503 WHITE COUNTY SHERIFFS OFFICE,White County Sheriffs Office  ,34.618315,-83.756635,73,432,282,,15214,15928,714,9.8,2
G1136 BALDWIN POLICE DEPARTMENT,Baldwin Police Department   ,34.490598,-83.539262,10,96,2,,1681,1779,98,9.8,2
G1592 GEORGIA STATE UNIVERSITY POLICE,Georgia State University Police  ,33.75563,-84.406515,137,158,1188,157,20251,21754,1346,9.8,2
G1676 VILLA RICA POLICE DEPARTMENT,Villa Rica Police Department  ,33.734464,-84.921786,47,150,315,106,12924,13495,465,9.9,2
G1604 GARDEN CITY POLICE DEPARTMENT,Garden City Police Department  ,32.108154,-81.174612,46,248,165,215,9106,9734,413,9,1.9
G1614 RICHMOND COUNTY SHERIFFS OFFICE,Richmond County Sheriffs Office  ,33.461572,-81.961382,605,4390,1090,36,151016,156532,5480,9.1,1.9
G1655 REMERTON POLICE DEPARTMENT,Remerton Police Department   ,30.844595,-83.309321,8,20,55,,1527,1602,75,9.4,1.9
G1558 DALTON POLICE DEPARTMENT,Dalton Police Department   ,34.773814,-84.974121,85,204,595,142,37120,38061,799,9.4,1.9
G1413 THUNDERBOLT POLICE DEPARTMENT,Thunderbolt Police Department   ,32.031871,-81.050661,10,,86,,1409,1495,86,8.6,1.8
G1637 MARIETTA POLICE DEPARTMENT,Marietta Police Department   ,33.955123,-84.545454,143,300,954,4,54388,55646,1254,8.8,1.8
G1697 TYRONE POLICE DEPARTMENT,Tyrone Police Department   ,33.47951,-84.58918,17,38,112,,3435,3585,150,8.8,1.8
G1497 VALDOSTA POLICE DEPARTMENT,Valdosta Police Department   ,30.825645,-83.278055,144,116,1155,1130,30749,33150,1271,8.8,1.8
G1089 PAULDING COUNTY SHERIFFS OFFICE,Paulding County Sheriffs Office  ,33.948437,-84.811526,253,292,1956,40,74647,76935,2248,8.9,1.8
G1373 CANTON POLICE DEPARTMENT,Canton Police Department   ,34.235344,-84.489885,49,109,329,,14536,14974,438,8.9,1.8
G1207 RINCON POLICE DEPARTMENT,Rincon Police Department   ,32.285205,-81.287526,20,20,140,,3787,3947,160,8,1.7
G2199 SOCIAL CIRCLE POLICE DEPARTMENT,Social Circle Police Department  ,33.679092,-83.683477,14,24,88,,3479,3591,112,8,1.7
G2299 CHATTAHOOCHEE HILLS POLICE DEPT.,Chattahoochee Hills Police Dept.  ,33.580355,-84.768723,10,48,33,40,7011,7132,81,8.1,1.7
G1368 MORROW POLICE DEPARTMENT,Morrow Police Department   ,33.58286,-84.337148,24,91,104,,8633,8828,195,8.1,1.7
G1337 CENTERVILLE POLICE DEPARTMENT,Centerville Police Department   ,32.623486,-83.682002,18,,147,,4078,4225,147,8.2,1.7
G1771 MOREHOUSE COLLEGE CAMPUS POLICE DEPT.,Morehouse College Campus Police Dept. ,33.743295,-84.410395,9,1,73,14,2237,2325,74,8.2,1.7
G1516 BIBB COUNTY SHERIFFS OFFICE,Bibb County Sheriffs Office  ,32.806707,-83.691315,485,2510,1483,732,69787,74512,3993,8.2,1.7
G1723 FAYETTE COUNTY SHERIFFS OFFICE,Fayette County Sheriffs Office  ,33.446338,-84.452298,199,776,867,139,43976,45758,1643,8.3,1.7
G1617 MONROE POLICE DEPARTMENT,Monroe Police Department   ,33.794683,-83.713336,38,64,250,,13607,13921,314,8.3,1.7
G1071 DOUGLAS COUNTY SHERIFF'S OFFICE,Douglas County Sheriff'S Office  ,33.747313,-84.722143,314,787,1832,2483,102016,107118,2619,8.3,1.7
G1010 EAST ELLIJAY POLICE DEPARTMENT,East Ellijay Police Department  ,34.658482,-84.493207,8,52,8,14,996,1070,60,7.5,1.6
G1345 WARREN COUNTY SHERIFFS OFFICE,Warren County Sheriffs Office  ,33.406692,-82.670446,8,16,44,,2394,2454,60,7.5,1.6
G1377 CAIRO POLICE DEPARTMENT,Cairo Police Department   ,30.877206,-84.207987,22,,165,,3122,3287,165,7.5,1.6
G1631 TYBEE ISLAND POLICE DEPARTMENT,Tybee Island Police Department  ,32.00593,-80.855322,39,76,217,40,10827,11160,293,7.5,1.6
G1058 HALL COUNTY SHERIFFS OFFICE,Hall County Sheriffs Office  ,34.279262,-83.875739,382,1105,1787,102,104422,107416,2892,7.6,1.6
G1210 WINDER POLICE DEPARTMENT,Winder Police Department   ,33.990705,-83.716866,45,156,188,,14661,15005,344,7.6,1.6
G1382 HENRY COUNTY POLICE DEPARTMENT,Henry County Police Department  ,33.449424,-84.138878,234,278,1539,691,83304,85812,1817,7.8,1.6
G1537 GRADY COUNTY SHERIFFS OFFICE,Grady County Sheriffs Office  ,30.878687,-84.204841,49,12,372,28,3803,4215,384,7.8,1.6
G1113 AUGUSTA UNIVERSITY POLICE DEPT.,Augusta University Police Dept.  ,33.474958,-81.987551,53,392,28,67,8742,9229,420,7.9,1.6
G1119 BIBB COUNTY BRD. OF ED. CAMPUS POLICE,Bibb County Brd. Of Ed. Campus Police,32.841339,-83.660059,28,84,138,4,6607,6833,222,7.9,1.6
G1267 HOLLY SPRINGS POLICE DEPT.,Holly Springs Police Dept.  ,34.242944,-84.458326,27,52,138,2,11330,11522,190,7,1.5
G1711 CEDARTOWN POLICE DEPARTMENT,Cedartown Police Department   ,34.013306,-85.253757,32,8,218,,8111,8337,226,7.1,1.5
G1117 GEORGIA TECH. POLICE DEPARTMENT,Georgia Tech. Police Department  ,33.779672,-84.40213,84,73,534,272,21872,22751,607,7.2,1.5
G2170 PENDERGRASS POLICE DEPARTMENT,Pendergrass Police Department   ,34.16233,-83.67795,4,,29,6,587,622,29,7.3,1.5
G1310 ROCKMART POLICE DEPARTMENT,Rockmart Police Department   ,33.993766,-85.091511,19,40,98,,3756,3894,138,7.3,1.5
G1080 BULLOCH COUNTY SHERIFFS OFFICE,Bulloch County Sheriffs Office  ,32.467356,-81.763217,110,184,619,15,19731,20549,803,7.3,1.5
G1525 HIRAM POLICE DEPARTMENT,Hiram Police Department   ,33.875582,-84.760841,17,,126,1,4438,4565,126,7.4,1.5
G1273 GREENE COUNTY SHERIFFS OFFICE,Greene County Sheriffs Office  ,33.572274,-83.192666,55,216,192,,9115,9523,408,7.4,1.5
G1221 COBB COUNTY SHERIFFS OFFICE,Cobb County Sheriffs Office  ,33.952418,-84.548303,489,731,2923,106,103949,107709,3654,7.5,1.5
G1429 LIBERTY COUNTY SHERIFFS OFFICE,Liberty County Sheriffs Office  ,31.785271,-81.636778,120,,790,,21450,22240,790,6.6,1.4
G1634 COLQUITT COUNTY SHERIFFS OFFICE,Colquitt County Sheriffs Office  ,31.172696,-83.792379,82,56,488,152,9308,10004,544,6.6,1.4
G1707 IVEY POLICE DEPARTMENT,Ivey Police Department   ,33.005732,-83.251393,3,20,,,262,282,20,6.7,1.4
G1367 FULTON COUNTY POLICE DEPARTMENT,Fulton County Police Department  ,33.739483,-84.564891,164,38,1063,604,47948,49653,1101,6.7,1.4
G1688 BROOKLET POLICE DEPARTMENT,Brooklet Police Department   ,32.352307,-81.6571,7,,47,,1200,1247,47,6.7,1.4
G1704 PEACH COUNTY SHERIFFS OFFICE,Peach County Sheriffs Office  ,32.546086,-83.879569,57,197,191,,12452,12840,388,6.8,1.4
G1455 FITZGERALD POLICE DEPARTMENT,Fitzgerald Police Department   ,31.748753,-83.235412,27,52,132,124,6288,6596,184,6.8,1.4
G1196 EFFINGHAM COUNTY SHERIFFS OFFICE,Effingham County Sheriffs Office  ,32.369703,-81.361775,133,528,392,200,13433,14553,920,6.9,1.4
G2312 SAVANNAH TECHNICAL COLLEGE POLICE DEPT.,Savannah Technical College Police Dept. ,32.025425,-81.112179,13,2,88,44,3004,3138,90,6.9,1.4
G1164 COLUMBIA COUNTY SHERIFFS OFFICE,Columbia County Sheriffs Office  ,33.536163,-82.308314,314,148,2026,420,81642,84236,2174,6.9,1.4
G1176 WARNER ROBINS POLICE DEPARTMENT,Warner Robins Police Department  ,32.646236,-83.6513,120,164,670,98,34032,34964,834,7,1.4
G1623 EAST POINT POLICE DEPARTMENT,East Point Police Department  ,33.681067,-84.441698,147,396,627,221,41648,42892,1023,7,1.4
G1476 WATKINSVILLE POLICE DEPARTMENT,Watkinsville Police Department   ,33.8629,-83.40877,8,56,,,1012,1068,56,7,1.4
G1582 MADISON POLICE DEPARTMENT,Madison Police Department   ,33.591117,-83.492928,15,20,85,,2389,2494,105,7,1.4
G1689 LAMAR COUNTY SHERIFFS OFFICE,Lamar County Sheriffs Office  ,33.042451,-84.174171,64,28,359,,7234,7621,387,6,1.3
G1315 HABERSHAM COUNTY SHERIFFS OFFICE,Habersham County Sheriffs Office  ,34.611226,-83.533456,98,28,572,28,14432,15060,600,6.1,1.3
G1740 THOMSON POLICE DEPARTMENT,Thomson Police Department   ,33.494908,-82.513847,14,,87,,4266,4353,87,6.2,1.3
G1539 FORSYTH POLICE DEPARTMENT,Forsyth Police Department   ,33.025944,-83.915021,23,20,125,4,4434,4583,145,6.3,1.3
G1362 ELLIJAY POLICE DEPARTMENT,Ellijay Police Department   ,34.697174,-84.479931,13,40,42,6,2082,2170,82,6.3,1.3
G1395 AVONDALE ESTATES POLICE DEPARTMENT,Avondale Estates Police Department  ,33.775321,-84.266273,13,40,44,31,2891,3006,84,6.5,1.3
G1227 BARTOW COUNTY SHERIFFS OFFICE,Bartow County Sheriffs Office  ,34.343576,-84.715845,253,76,1568,,51631,53275,1644,6.5,1.3
G1684 OXFORD POLICE DEPARTMENT,Oxford Police Department   ,33.623726,-83.867623,4,,26,,511,537,26,6.5,1.3
G1296 MERIWETHER COUNTY SHERIFF'S OFFICE,Meriwether County Sheriff'S Office  ,32.97373,-84.711466,59,36,295,,6282,6613,331,5.6,1.2
G1596 DOUGHERTY COUNTY SHERIFFS OFFICE,Dougherty County Sheriffs Office  ,31.595997,-84.124979,240,20,1330,4,32955,34309,1350,5.6,1.2
G2310 LOVEJOY POLICE DEPARTMENT,Lovejoy Police Department   ,33.436532,-84.314206,18,64,38,68,3920,4090,102,5.7,1.2
G2218 CARVER COLLEGE POLICE DEPARTMENT,Carver College Police Department  ,33.725193,-84.514715,13,60,14,72,1635,1781,74,5.7,1.2
G1441 MADISON COUNTY SHERIFFS OFFICE,Madison County Sheriffs Office  ,34.152968,-83.262772,61,8,341,,10018,10367,349,5.7,1.2
G2348 COLUMBUS TECHNICAL COLLEGE POLICE,Columbus Technical College Police  ,33.481964,-82.148808,9,32,20,4,1192,1248,52,5.8,1.2
G1181 BARROW COUNTY SHERIFFS OFFICE,Barrow County Sheriffs Office  ,33.992725,-83.720621,177,212,818,596,45412,47038,1030,5.8,1.2
G1460 PICKENS COUNTY SHERIFFS OFFICE,Pickens County Sheriffs Office  ,34.455217,-84.447562,88,90,428,,19371,19889,518,5.9,1.2
G1041 SUWANEE POLICE DEPARTMENT,Suwanee Police Department   ,34.035201,-84.087576,40,40,199,32,14872,15143,239,6,1.2
G1182 TROUP COUNTY SHERIFFS OFFICE,Troup County Sheriffs Office  ,32.989875,-85.003908,132,200,591,70,20931,21792,791,6,1.2
G1583 RABUN COUNTY SHERIFFS OFFICE,Rabun County Sheriffs Office  ,34.878773,-83.402952,58,56,292,18,10490,10856,348,6,1.2
G1424 MARTA POLICE DEPARTMENT,Marta Police Department   ,33.821905,-84.36858,351,100,1692,806,76142,78740,1792,5.1,1.1
G1827 CLARKSTON POLICE DEPARTMENT,Clarkston Police Department   ,33.809049,-84.239602,39,127,73,,6217,6417,200,5.1,1.1
G1594 FANNIN COUNTY SHERIFFS OFFICE,Fannin County Sheriffs Office  ,34.864324,-84.32745,51,16,246,,12074,12336,262,5.1,1.1
G1319 TEMPLE POLICE DEPARTMENT,Temple Police Department   ,33.732211,-85.028984,14,28,44,,2548,2620,72,5.1,1.1
G2345 OGEECHEE TECHNICAL COLLEGE POLICE,Ogeechee Technical College Police  ,32.393725,-81.81887,7,34,2,52,784,872,36,5.1,1.1
G1561 Lyons Police Department,Lyons Police Department   ,32.21676,-82.331166,20,22,82,,3107,3211,104,5.2,1.1
G2337 CHATTAHOOCHEE TECH. COLLEGE POLICE,Chattahoochee Tech. College Police  ,34.083917,-84.671872,42,174,46,40,7376,7636,220,5.2,1.1
G1246 POLK COUNTY POLICE DEPARTMENT,Polk County Police Department  ,34.014272,-85.218895,41,73,142,13,12928,13156,215,5.2,1.1
G1507 MAYSVILLE POLICE DEPARTMENT,Maysville Police Department   ,34.329372,-83.543357,4,19,2,,241,262,21,5.3,1.1
G1646 STONE MOUNTAIN PARK POLICE DEPARTMENT,Stone Mountain Park Police Department ,33.842633,-84.16996,40,16,194,,6636,6846,210,5.3,1.1
G1699 TOOMBS COUNTY SHERIFFS OFFICE,Toombs County Sheriffs Office  ,32.202978,-82.340863,91,32,446,9,4624,5111,478,5.3,1.1
G1334 RIVERDALE POLICE DEPARTMENT,Riverdale Police Department   ,33.572168,-84.415565,49,69,189,57,10518,10833,258,5.3,1.1
G1361 GORDON COUNTY SHERIFFS OFFICE,Gordon County Sheriffs Office  ,34.502331,-84.950535,121,48,598,,21777,22423,646,5.3,1.1
G1746 TIFT COUNTY SHERIFFS OFFICE,Tift County Sheriffs Office  ,31.462512,-83.593543,88,,474,120,16173,16767,474,5.4,1.1
G2215 Sandy Springs Police Department,Sandy Springs Police Department  ,33.973823,-84.356917,166,96,808,121,57890,58915,904,5.4,1.1
G1481 HINESVILLE POLICE DEPARTMENT,Hinesville Police Department   ,31.854399,-81.591883,89,116,371,40,16653,17180,487,5.5,1.1
G1153 BLECKLEY COUNTY SHERIFFS OFFICE,Bleckley County Sheriffs Office  ,32.401987,-83.360136,44,,242,,4113,4355,242,5.5,1.1
G1457 DALLAS POLICE DEPARTMENT,Dallas Police Department   ,33.960959,-84.791553,32,16,160,,5523,5699,176,5.5,1.1
G1635 LAFAYETTE POLICE DEPARTMENT,Lafayette Police Department   ,34.706911,-85.281573,24,16,116,,5574,5706,132,5.5,1.1
G1505 ATLANTA POLICE DEPARTMENT,Atlanta Police Department   ,33.748161,-84.394593,2336,1101,11845,184,474738,487868,12946,5.5,1.1
G1159 LITHONIA POLICE DEPARTMENT,Lithonia Police Department   ,33.710614,-84.108553,20,,111,,2948,3059,111,5.6,1.1
G1057 LOWNDES COUNTY SHERIFFS OFFICE,Lowndes County Sheriffs Office  ,30.827965,-83.252192,210,107,863,610,51622,53202,970,4.6,1
G1193 HAHIRA POLICE DEPARTMENT,Hahira Police Department   ,30.990118,-83.372435,11,,51,,1585,1636,51,4.6,1
G2357 MCDUFFIE COUNTY SCHOOLS POLICE DEPT.,Mcduffie County Schools Police Dept. ,33.474703,-82.505988,6,,28,2,1930,1960,28,4.7,1
G1170 DAWSON COUNTY SHERIFFS OFFICE,Dawson County Sheriffs Office  ,34.421892,-84.120087,94,312,127,108,23523,24070,439,4.7,1
G1607 THOMAS COUNTY SHERIFFS OFFICE,Thomas County Sheriffs Office  ,30.880968,-83.885902,82,84,300,,11251,11635,384,4.7,1
G1665 HAPEVILLE POLICE DEPARTMENT,Hapeville Police Department   ,33.658639,-84.416804,39,88,96,2,7080,7266,184,4.7,1
G2065 ATLANTA METRO. COLLEGE CAMPUS POLICE,Atlanta Metro. College Campus Police ,33.709639,-84.407831,14,61,6,6,2020,2093,67,4.8,1
G1492 LILBURN POLICE DEPARTMENT,Lilburn Police Department   ,33.886284,-84.134588,35,16,153,30,13165,13364,169,4.8,1
G1341 SOUTH GEORGIA STATE COLLEGE POLICE DEPT.,South Georgia State College Police Dept.,31.497209,-82.849768,6,1,28,2,983,1014,29,4.8,1
G2362 PAINE COLLEGE POLICE,Paine College Police   ,33.469537,-81.993232,7,2,32,4,1274,1312,34,4.9,1
G1543 ST. MARYS POLICE DEPARTMENT,St. Marys Police Department  ,30.753196,-81.551637,36,48,127,35,5190,5400,175,4.9,1
G1357 NORFOLK SOUTHERN RAILWAY POLICE ATLANTA,Norfolk Southern Railway Police Atlanta ,33.787774,-84.38424,25,7,115,34,4654,4810,122,4.9,1
G1349 CLARKE COUNTY SHERIFFS OFFICE,Clarke County Sheriffs Office  ,33.959817,-83.374532,152,101,643,183,31067,31994,744,4.9,1
G1648 APPLING COUNTY SHERIFFS OFFICE,Appling County Sheriffs Office  ,31.782568,-82.357778,55,,270,,2473,2743,270,4.9,1
G2304 GWINNETT TECHNICAL COLLEGE POLICE,Gwinnett Technical College Police  ,33.967035,-84.07035,11,34,20,60,1789,1903,54,4.9,1
G1163 HARLEM POLICE DEPARTMENT,Harlem Police Department   ,33.456131,-82.307337,16,78,2,20,1249,1349,80,5,1
G1335 ALAMO POLICE DEPARTMENT,Alamo Police Department   ,32.143021,-82.82677,9,,45,,285,330,45,5,1
G1437 WALKER COUNTY SHERIFFS OFFICE,Walker County Sheriffs Office  ,34.697006,-85.255273,97,,485,61,20497,21043,485,5,1
G1995 ALMA POLICE DEPT,Alma Police Dept   ,31.576952,-82.461197,13,16,49,,2064,2129,65,5,1
G1104 SUMMERVILLE POLICE DEPARTMENT,Summerville Police Department   ,34.484159,-85.315546,20,8,93,,1999,2100,101,5.1,1
G1611 FORT VALLEY POLICE DEPARTMENT,Fort Valley Police Department  ,32.560698,-83.854528,27,44,68,34,6985,7131,112,4.1,0.9
G1641 MCDUFFIE COUNTY SHERIFFS OFFICE,Mcduffie County Sheriffs Office  ,33.494908,-82.513847,41,48,124,,4387,4559,172,4.2,0.9
G1282 CALHOUN POLICE DEPARTMENT,Calhoun Police Department   ,34.503898,-84.951102,59,20,229,,11818,12067,249,4.2,0.9
G1101 GREENSBORO POLICE DEPARTMENT,Greensboro Police Department   ,33.573789,-83.175279,20,84,1,44,3252,3381,85,4.3,0.9
G1410 JACKSON COUNTY SHERIFFS OFFICE,Jackson County Sheriffs Office  ,34.10601,-83.589021,150,457,182,241,21012,21892,639,4.3,0.9
G1732 WAYNE COUNTY SHERIFFS OFFICE,Wayne County Sheriffs Office  ,31.604522,-81.879315,76,16,314,153,9221,9704,330,4.3,0.9
G1045 WARE COUNTY SHERIFFS OFFICE,Ware County Sheriffs Office  ,31.260218,-82.397705,101,116,332,,10228,10676,448,4.4,0.9
G1427 SKY VALLEY POLICE DEPARTMENT,Sky Valley Police Department  ,34.97009,-83.3871,9,40,1,,315,356,41,4.6,0.9
G1369 TAYLOR COUNTY SHERIFFS OFFICE,Taylor County Sheriffs Office  ,32.572668,-84.226075,23,20,85,,2634,2739,105,4.6,0.9
G1134 CAMILLA POLICE DEPARTMENT,Camilla Police Department   ,31.23125,-84.211838,19,48,21,,3477,3546,69,3.6,0.8
G1275 BYRON POLICE DEPARTMENT,Byron Police Department   ,32.658653,-83.766807,26,24,72,,8503,8599,96,3.7,0.8
G1644 MCRAE-HELENA POLICE DEPARTMENT,Mcrae-Helena Police Department   ,32.047918,-82.910927,13,48,,,1753,1801,48,3.7,0.8
G1692 CORDELE POLICE DEPARTMENT,Cordele Police Department   ,31.919861,-83.777354,30,104,7,,8507,8618,111,3.7,0.8
G1664 PEMBROKE POLICE DEPARTMENT,Pembroke Police Department   ,32.13603,-81.62206,11,4,37,4,1604,1649,41,3.7,0.8
G1272 WADLEY POLICE DEPARTMENT,Wadley Police Department   ,32.863678,-82.407516,15,48,8,2,922,980,56,3.7,0.8
G1589 STONE MOUNTAIN POLICE DEPARTMENT,Stone Mountain Police Department  ,33.804911,-84.16991,23,56,30,38,3810,3934,86,3.7,0.8
G1333 HARRIS COUNTY SHERIFFS OFFICE,Harris County Sheriffs Office  ,32.746007,-84.934906,80,136,164,4,11168,11472,300,3.8,0.8
G1575 MURRAY COUNTY SHERIFFS OFFICE,Murray County Sheriffs Office  ,34.785868,-84.772043,82,8,301,,12720,13029,309,3.8,0.8
G1608 GRIFFIN POLICE DEPARTMENT,Griffin Police Department   ,33.245836,-84.276361,89,40,296,,23666,24002,336,3.8,0.8
G1007 BANKS COUNTY SHERIFFS OFFICE,Banks County Sheriffs Office  ,32.602991,-81.57392,58,120,99,,12739,12958,219,3.8,0.8
G1734 PINE LAKE POLICE DEPARTMENT,Pine Lake Police Department  ,33.788577,-84.206971,18,33,36,78,2176,2323,69,3.8,0.8
G1599 TATTNALL COUNTY SHERIFFS OFFICE,Tattnall County Sheriffs Office  ,32.031081,-82.146011,33,,127,,4911,5038,127,3.8,0.8
G1129 ADAIRSVILLE POLICE DEPARTMENT,Adairsville Police Department   ,34.368831,-84.934488,17,,67,,5418,5485,67,3.9,0.8
G1274 EMANUEL COUNTY SHERIFFS OFFICE,Emanuel County Sheriffs Office  ,32.569871,-82.346181,48,32,159,,4299,4490,191,4,0.8
G1700 DULUTH POLICE DEPARTMENT,Duluth Police Department   ,33.99693,-84.147979,76,127,176,101,22014,22418,303,4,0.8
G1386 UNION POINT POLICE DEPARTMENT,Union Point Police Department  ,33.61568,-83.0746,7,26,2,,1539,1567,28,4,0.8
G2328 CENTRAL GEORGIA TECHNICAL COLLEGE POLICE,Central Georgia Technical College Police ,32.814251,-83.690888,8,2,30,20,2714,2766,32,4,0.8
G1745 WHITFIELD COUNTY SHERIFFS OFFICE,Whitfield County Sheriffs Office  ,34.759522,-84.951261,178,256,460,4,45548,46268,716,4,0.8
G1517 DAWSON POLICE DEPARTMENT,Dawson Police Department   ,31.768956,-84.43694,25,,79,2,3553,3634,79,3.2,0.7
G1156 LOUISVILLE POLICE DEPARTMENT,Louisville Police Department   ,33.028798,-82.437965,9,24,5,,734,763,29,3.2,0.7
G1682 AMERICUS POLICE DEPARTMENT,Americus Police Department   ,32.070694,-84.232176,35,,113,24,7452,7589,113,3.2,0.7
G1477 MONROE COUNTY SHERIFFS OFFICE,Monroe County Sheriffs Office  ,33.025944,-83.915021,93,80,222,4,24602,24908,302,3.2,0.7
G1051 REYNOLDS POLICE DEPARTMENT,Reynolds Police Department   ,32.551695,-84.092715,8,20,6,,2166,2192,26,3.3,0.7
G1450 CAMDEN COUNTY SHERIFFS OFFICE,Camden County Sheriffs Office  ,30.939072,-81.703469,143,51,418,137,20867,21473,469,3.3,0.7
G1147 NORCROSS POLICE DEPARTMENT,Norcross Police Department   ,33.942758,-84.211414,55,92,89,,11642,11823,181,3.3,0.7
G1667 NEWNAN POLICE DEPARTMENT,Newnan Police Department   ,33.380243,-84.797424,88,148,142,48,25819,26157,290,3.3,0.7
G1469 CHATSWORTH POLICE DEPARTMENT,Chatsworth Police Department   ,34.785543,-84.771623,18,16,44,,3769,3829,60,3.3,0.7
G1609 FLOYD COUNTY POLICE DEPARTMENT,Floyd County Police Department  ,34.169159,-85.211118,143,40,437,254,22997,23728,477,3.3,0.7
G1229 FULTON COUNTY SHERIFFS OFFICE,Fulton County Sheriffs Office  ,33.75045,-84.390196,964,280,2965,553,184456,188254,3245,3.4,0.7
G1169 WALTON COUNTY SHERIFFS OFFICE,Walton County Sheriffs Office  ,33.771383,-83.700173,171,32,552,247,35006,35837,584,3.4,0.7
G1298 GWINNETT COUNTY POLICE DEPARTMENT,Gwinnett County Police Department  ,33.989761,-83.972752,816,1326,1473,3113,290661,296573,2799,3.4,0.7
G1659 MORVEN POLICE DEPARTMENT,Morven Police Department   ,30.924839,-83.539952,9,20,11,,728,759,31,3.4,0.7
G1056 QUITMAN POLICE DEPARTMENT,Quitman Police Department   ,30.782684,-83.558442,17,10,49,8,2397,2464,59,3.5,0.7
G1538 JASPER COUNTY SHERIFFS OFFICE,Jasper County Sheriffs Office  ,33.318639,-83.71677,53,,184,,8179,8363,184,3.5,0.7
G1249 TOWNS COUNTY SHERIFFS OFFICE,Towns County Sheriffs Office  ,34.984545,-83.83236,38,,132,13,4160,4305,132,3.5,0.7
G1325 HAGAN POLICE DEPARTMENT,Hagan Police Department   ,32.15603,-81.93373,6,,21,,800,821,21,3.5,0.7
G1674 IRWIN COUNTY SHERIFFS OFFICE,Irwin County Sheriffs Office  ,31.590029,-83.250597,208,438,293,221,19241,20193,731,3.5,0.7
G1065 TIFTON POLICE DEPARTMENT,Tifton Police Department   ,31.448883,-83.509485,49,48,127,,10886,11061,175,3.6,0.7
G1534 SCREVEN POLICE DEPARTMENT,Screven Police Department   ,31.487317,-82.01704,7,24,1,6,567,598,25,3.6,0.7
G1388 FORT OGLETHORPE POLICE DEPT,Fort Oglethorpe Police Dept  ,34.950997,-85.245355,27,24,48,,4892,4964,72,2.7,0.6
G1715 WHEELER COUNTY SHERIFFS OFFICE,Wheeler County Sheriffs Office  ,32.14993,-82.782061,15,,40,,1055,1095,40,2.7,0.6
G1502 GWINNETT COUNTY PUBLIC SCHOOL POLICE,Gwinnett County Public School Police ,34.00565,-84.067532,74,52,147,,10689,10888,199,2.7,0.6
G1540 WEST POINT POLICE DEPARTMENT,West Point Police Department  ,32.907328,-85.077535,23,28,34,28,5594,5684,62,2.7,0.6
G1712 COHUTTA POLICE DEPARTMENT,Cohutta Police Department   ,34.95952,-84.95272,8,,22,,802,824,22,2.8,0.6
G2354 AUGUSTA TECH. COLLEGE POLICE,Augusta Tech. College Police  ,33.419268,-82.050398,13,22,14,32,1964,2032,36,2.8,0.6
G1250 LAKE CITY POLICE DEPARTMENT,Lake City Police Department  ,33.606879,-84.343502,22,40,21,,3783,3844,61,2.8,0.6
G1081 EMERSON POLICE DEPARTMENT,Emerson Police Department   ,34.343576,-84.715845,9,8,17,,1692,1717,25,2.8,0.6
G1433 LENOX POLICE DEPARTMENT,Lenox Police Department   ,31.271045,-83.468529,9,20,5,,443,468,25,2.8,0.6
G1022 COBB COUNTY POLICE DEPARTMENT,Cobb County Police Department  ,33.958725,-84.546627,663,736,1106,46,252242,254130,1842,2.8,0.6
G1669 CHAMBLEE POLICE DEPARTMENT,Chamblee Police Department   ,33.895429,-84.298496,78,106,111,24,18256,18497,217,2.8,0.6
G1675 EVANS COUNTY SHERIFFS OFFICE,Evans County Sheriffs Office  ,32.160611,-81.923832,15,,42,18,2177,2237,42,2.8,0.6
G1625 MORGAN COUNTY SHERIFFS OFFICE,Morgan County Sheriffs Office  ,33.561718,-83.498842,59,,166,,6487,6653,166,2.8,0.6
G1379 CRISP COUNTY SHERIFFS OFFICE,Crisp County Sheriffs Office  ,31.923348,-83.778253,99,34,252,,20992,21278,286,2.9,0.6
G1432 LAURENS COUNTY SHERIFFS OFFICE,Laurens County Sheriffs Office  ,32.496997,-82.920849,88,,257,,14409,14666,257,2.9,0.6
G1528 OCILLA POLICE DEPARTMENT,Ocilla Police Department   ,31.599221,-83.249526,19,49,7,,2355,2411,56,2.9,0.6
G1541 TREUTLEN COUNTY SHERIFFS OFFICE,Treutlen County Sheriffs Office  ,32.383145,-82.557135,22,,65,,3580,3645,65,3,0.6
G1533 OGLETHORPE COUNTY SHERIFFS OFFICE,Oglethorpe County Sheriffs Office  ,33.85281,-83.020293,41,4,118,,3475,3597,122,3,0.6
G1214 MCDONOUGH POLICE DEPARTMENT,Mcdonough Police Department   ,33.449609,-84.145455,56,20,147,24,12836,13027,167,3,0.6
G1106 PORTERDALE POLICE DEPARTMENT,Porterdale Police Department   ,34.17687,-84.502376,8,24,,4,1367,1395,24,3,0.6
G1488 TOCCOA POLICE DEPARTMENT,Toccoa Police Department   ,34.554103,-83.288828,33,88,11,,7231,7330,99,3,0.6
G1490 FAYETTEVILLE POLICE DEPARTMENT,Fayetteville Police Department   ,33.432957,-84.446125,45,135,,,13337,13472,135,3,0.6
G1075 SENOIA POLICE DEPARTMENT,Senoia Police Department   ,33.285373,-84.602516,15,20,27,,4216,4263,47,3.1,0.6
G1013 BURKE COUNTY SHERIFFS OFFICE,Burke County Sheriffs Office  ,33.080724,-81.986767,53,52,64,141,5204,5461,116,2.2,0.5
G1702 BRASWELL POLICE DEPARTMENT,Braswell Police Department   ,33.989649,-84.962883,5,8,3,9,437,457,11,2.2,0.5
G1277 MONTICELLO POLICE DEPARTMENT,Monticello Police Department   ,33.299715,-83.685695,9,20,,2,671,693,20,2.2,0.5
G1294 PUTNAM COUNTY SHERIFFS OFFICE,Putnam County Sheriffs Office  ,33.320818,-83.355865,63,136,4,,7041,7181,140,2.2,0.5
G1438 JESUP POLICE DEPARTMENT,Jesup Police Department   ,31.614761,-81.899486,28,32,31,32,6235,6330,63,2.3,0.5
G1653 WILKINSON COUNTY SHERIFFS OFFICE,Wilkinson County Sheriffs Office  ,32.751414,-83.145237,37,,84,,4781,4865,84,2.3,0.5
G1254 HOMERVILLE POLICE DEPARTMENT,Homerville Police Department   ,31.036525,-82.751767,10,20,3,,843,866,23,2.3,0.5
G1116 GLYNN COUNTY POLICE DEPARTMENT,Glynn County Police Department  ,31.26089,-81.498463,113,124,142,2084,24916,27266,266,2.4,0.5
G1358 WRENS POLICE DEPARTMENT,Wrens Police Department   ,33.209338,-82.377338,14,24,9,4,1070,1107,33,2.4,0.5
G1553 BERRIEN COUNTY SHERIFFS OFFICE,Berrien County Sheriffs Office  ,31.191293,-83.273643,48,,114,,3809,3923,114,2.4,0.5
G1603 A.B.A.C. POLICE DEPARTMENT,A.B.A.C. Police Department   ,31.480208,-83.524827,15,32,4,,2607,2643,36,2.4,0.5
G1605 SANDERSVILLE POLICE DEPARTMENT,Sandersville Police Department   ,32.974982,-82.840564,19,20,26,8,3439,3493,46,2.4,0.5
G1415 OAKWOOD POLICE DEPARTMENT,Oakwood Police Department   ,34.239428,-83.897612,14,,34,,2681,2715,34,2.4,0.5
G1532 AUBURN POLICE DEPARTMENT,Auburn Police Department   ,34.012888,-83.825455,20,,49,10,3053,3112,49,2.5,0.5
G1806 LAWRENCEVILLE POLICE DEPT,Lawrenceville Police Dept   ,33.948631,-83.995764,82,48,153,62,26105,26368,201,2.5,0.5
G1744 UNION CITY POLICE DEPARTMENT,Union City Police Department  ,33.579229,-84.553951,62,144,8,397,20392,20941,152,2.5,0.5
G1666 HARALSON COUNTY SHERIFFS OFFICE,Haralson County Sheriffs Office  ,33.836682,-85.210444,67,160,5,,6802,6967,165,2.5,0.5
G1069 MIDWAY POLICE DEPT.,Midway Police Dept.   ,31.778847,-81.420626,6,,15,,1121,1136,15,2.5,0.5
G1050 BLOOMINGDALE POLICE DEPARTMENT,Bloomingdale Police Department   ,32.107103,-81.291335,17,,43,47,3796,3886,43,2.5,0.5
G1649 SYLVANIA POLICE DEPARTMENT,Sylvania Police Department   ,32.749883,-81.645857,17,,43,,2958,3001,43,2.5,0.5
G1123 PEARSON POLICE DEPARTMENT,Pearson Police Department   ,31.340836,-82.853406,9,20,3,,787,810,23,2.6,0.5
G1086 BARNESVILLE POLICE DEPARTMENT,Barnesville Police Department   ,33.056251,-84.155724,23,,59,,4271,4330,59,2.6,0.5
G1713 SEMINOLE COUNTY SHERIFFS OFFICE,Seminole County Sheriffs Office  ,31.041764,-84.885358,34,72,16,4,3779,3871,88,2.6,0.5
G1585 SWAINSBORO POLICE DEPARTMENT,Swainsboro Police Department   ,32.598215,-82.335003,22,48,9,,4721,4778,57,2.6,0.5
G1504 BUCHANAN POLICE DEPARTMENT,Buchanan Police Department   ,33.836682,-85.210444,10,12,14,,1159,1185,26,2.6,0.5
G1680 GEORGIA POST COUNCIL POLICE,Georgia Post Council Police  ,33.912473,-84.557181,29,72,4,38,1992,2106,76,2.6,0.5
G1326 CHATTOOGA COUNTY SHERIFFS OFFICE,Chattooga County Sheriffs Office  ,34.48543,-85.355357,51,,134,,4521,4655,134,2.6,0.5
G1262 ELBERTON POLICE DEPARTMENT,Elberton Police Department   ,34.11293,-82.851837,20,20,14,,5355,5389,34,1.7,0.4
G1259 CORNELIA POLICE DEPARTMENT,Cornelia Police Department   ,34.535213,-83.574032,17,24,5,,4244,4273,29,1.7,0.4
G1652 BRYAN COUNTY SHERIFFS OFFICE,Bryan County Sheriffs Office  ,32.134517,-81.618419,78,48,86,16,6908,7058,134,1.7,0.4
G1049 SPRINGFIELD POLICE DEPARTMENT,Springfield Police Department   ,32.369703,-81.361775,12,18,3,4,667,692,21,1.8,0.4
G1696 LEESBURG POLICE DEPARTMENT,Leesburg Police Department   ,31.763715,-84.160359,14,,25,,1593,1618,25,1.8,0.4
G1686 HEARD COUNTY SHERIFFS OFFICE,Heard County Sheriffs Office  ,33.278005,-85.134045,36,32,33,,4441,4506,65,1.8,0.4
G1247 DUBLIN POLICE DEPARTMENT,Dublin Police Department   ,32.540073,-82.914974,58,100,8,228,12306,12642,108,1.9,0.4
G1194 CARROLL COUNTY SHERIFFS OFFICE,Carroll County Sheriffs Office  ,33.567188,-85.046734,194,9,354,109,32508,32980,363,1.9,0.4
G1381 DADE COUNTY SHERIFFS OFFICE,Dade County Sheriffs Office  ,34.871687,-85.50208,45,28,57,56,6321,6462,85,1.9,0.4
G1500 AUSTELL POLICE DEPARTMENT,Austell Police Department   ,33.814221,-84.635193,36,44,24,,5541,5609,68,1.9,0.4
G1485 DOOLY COUNTY SHERIFFS OFFICE,Dooly County Sheriffs Office  ,32.182652,-83.778422,71,,135,,12395,12530,135,1.9,0.4
G1356 ASHBURN POLICE DEPARTMENT,Ashburn Police Department   ,31.723074,-83.644063,15,8,21,,3582,3611,29,1.9,0.4
G1559 DONALSONVILLE POLICE DEPT.,Donalsonville Police Dept.   ,31.04046,-84.87909,15,16,13,,1262,1291,29,1.9,0.4
G1012 SYLVESTER POLICE DEPARTMENT,Sylvester Police Department   ,31.603336,-83.850054,25,44,5,,7132,7181,49,2,0.4
G1001 GROVETOWN POLICE DEPARTMENT,Grovetown Police Department   ,33.453814,-82.207075,33,62,3,,6514,6579,65,2,0.4
G1128 LUMPKIN COUNTY SHERIFFS OFFICE,Lumpkin County Sheriffs Office  ,34.536237,-83.978701,87,,172,12,17079,17263,172,2,0.4
G1240 MILLEDGEVILLE POLICE DEPT.,Milledgeville Police Dept.   ,33.078582,-83.24765,62,20,103,,9482,9605,123,2,0.4
G1233 HOGANSVILLE POLICE DEPARTMENT,Hogansville Police Department   ,33.169377,-84.900665,20,,40,,3936,3976,40,2,0.4
G1440 DANIELSVILLE POLICE DEPARTMENT,Danielsville Police Department   ,34.152968,-83.262772,4,8,,,623,631,8,2,0.4
G1566 MEIGS POLICE DEPARTMENT,Meigs Police Department   ,31.069841,-84.095373,1,,2,,331,333,2,2,0.4
G1660 GLENWOOD POLICE DEPARTMENT,Glenwood Police Department   ,32.224546,-82.71513,5,,10,,386,396,10,2,0.4
G1663 METTER POLICE DEPARTMENT,Metter Police Department   ,32.39938,-82.048201,11,16,6,,2012,2034,22,2,0.4
G1817 WHITE POLICE DEPARTMENT,White Police Department   ,34.264331,-84.753929,1,,2,,243,245,2,2,0.4
G2441 ATHENS TECHNICAL COLLEGE POLICE,Athens Technical College Police  ,34.00443,-83.331946,2,2,2,4,430,438,4,2,0.4
G1285 OCONEE COUNTY SHERIFFS OFFICE,Oconee County Sheriffs Office  ,33.8629,-83.40877,95,20,171,70,17865,18126,191,2,0.4
G2326 WEST GEORGIA TECHNICAL COLLEGE POLICE,West Georgia Technical College Police ,33.691552,-85.183495,38,6,72,4,3173,3255,78,2.1,0.4
G1344 LOGANVILLE POLICE DEPARTMENT,Loganville Police Department   ,33.876889,-83.896781,30,44,19,,4839,4902,63,2.1,0.4
G1401 GLASCOCK COUNTY SHERIFFS OFFICE,Glascock County Sheriffs Office  ,33.223471,-82.599738,9,,19,,1084,1103,19,2.1,0.4
G1213 FLOWERY BRANCH POLICE DEPT,Flowery Branch Police Dept  ,34.1851,-83.92518,16,32,2,,2136,2170,34,2.1,0.4
G1239 DORAVILLE POLICE DEPARTMENT,Doraville Police Department   ,34.209328,-84.132451,64,21,115,,12052,12188,136,2.1,0.4
G1360 TALIAFERRO COUNTY SHERIFFS OFFICE,Taliaferro County Sheriffs Office  ,33.577007,-82.858099,23,24,4,,2604,2632,28,1.2,0.3
G1693 ELLAVILLE POLICE DEPARTMENT,Ellaville Police Department   ,32.209028,-84.277064,8,,10,2,1229,1241,10,1.3,0.3
G1462 VARNELL POLICE DEPARTMENT,Varnell Police Department   ,34.89765,-84.977052,11,8,6,,953,967,14,1.3,0.3
G1577 EASTMAN POLICE DEPARTMENT,Eastman Police Department   ,32.143564,-83.194358,13,,17,,1175,1192,17,1.3,0.3
G1324 ADRIAN POLICE DEPARTMENT,Adrian Police Department   ,32.531442,-82.594295,3,,4,,188,192,4,1.3,0.3
G1496 GORDON POLICE DEPARTMENT,Gordon Police Department   ,32.881267,-83.302945,12,16,,,793,809,16,1.3,0.3
G2186 LANIER COUNTY BOARD OF EDUCATION POLICE,Lanier County Board Of Education Police,31.038616,-83.074227,3,,4,,316,320,4,1.3,0.3
G2346 NORTH GEORGIA TECHNICAL COLLEGE POLICE,North Georgia Technical College Police ,34.655918,-83.508274,9,,12,,1600,1612,12,1.3,0.3
G1372 CRAWFORD COUNTY SHERIFFS OFFICE,Crawford County Sheriffs Office  ,32.687207,-84.010581,32,30,13,,3181,3224,43,1.3,0.3
G1006 SUMTER COUNTY SHERIFFS OFFICE,Sumter County Sheriffs Office  ,32.040432,-84.215282,103,8,133,,13010,13151,141,1.4,0.3
G1420 ROYSTON POLICE DEPARTMENT,Royston Police Department   ,34.284853,-83.110555,16,,22,12,2681,2715,22,1.4,0.3
G1632 NASHVILLE POLICE DEPARTMENT,Nashville Police Department   ,31.20679,-83.253282,13,,18,,1804,1822,18,1.4,0.3
G1448 DAVISBORO POLICE DEPARTMENT,Davisboro Police Department   ,32.981439,-82.813526,5,,7,,71,78,7,1.4,0.3
G1189 SPALDING COUNTY SHERIFFS OFFICE,Spalding County Sheriffs Office  ,33.233683,-84.291432,153,77,141,1,24631,24850,218,1.4,0.3
G1661 TRION POLICE DEPARTMENT,Trion Police Department   ,34.54397,-85.31051,14,8,12,,2140,2160,20,1.4,0.3
G1342 BRASELTON POLICE DEPARTMENT,Braselton Police Department   ,34.10927,-83.76267,16,20,3,,3011,3034,23,1.4,0.3
G1698 BUTTS COUNTY SHERIFFS OFFICE,Butts County Sheriffs Office  ,33.295176,-83.947895,95,46,91,,14844,14981,137,1.4,0.3
G1531 GLYNN COUNTY SHERIFFS OFFICE,Glynn County Sheriffs Office  ,31.153313,-81.496606,147,,212,37,11566,11815,212,1.4,0.3
G1178 MCINTOSH COUNTY SHERIFFS OFFICE,Mcintosh County Sheriffs Office  ,31.417006,-81.461806,66,8,88,88,8139,8323,96,1.5,0.3
G1451 EATONTON POLICE DEPARTMENT,Eatonton Police Department   ,33.320818,-83.355865,33,45,3,,3818,3866,48,1.5,0.3
G1100 SNELLVILLE POLICE DEPARTMENT,Snellville Police Department   ,33.858986,-84.014148,65,8,89,4,14746,14847,97,1.5,0.3
G1142 LINCOLNTON POLICE DEPARTMENT,Lincolnton Police Department   ,33.812714,-82.453456,6,,9,16,553,578,9,1.5,0.3
G1513 TALBOT COUNTY SHERIFFS OFFICE,Talbot County Sheriffs Office  ,32.653804,-84.535618,15,1,22,,1261,1284,23,1.5,0.3
G1569 BERRY COLLEGE POLICE DEPT.,Berry College Police Dept.  ,34.280355,-85.182085,13,18,2,10,1833,1863,20,1.5,0.3
G1099 PERRY POLICE DEPARTMENT,Perry Police Department   ,32.43194,-83.722649,41,64,1,4,11243,11312,65,1.6,0.3
G1082 BUENA VISTA POLICE DEPARTMENT,Buena Vista Police Department  ,32.254152,-84.489818,5,,8,,564,572,8,1.6,0.3
G1600 ELBERT COUNTY SHERIFFS OFFICE,Elbert County Sheriffs Office  ,34.111082,-82.872852,65,24,80,,5942,6046,104,1.6,0.3
G1260 LONG COUNTY SHERIFFS OFFICE,Long County Sheriffs Office  ,31.780996,-81.773916,36,,60,8,5814,5882,60,1.7,0.3
G1270 ALAPAHA POLICE DEPARTMENT,Alapaha Police Department   ,31.383968,-83.221348,4,,3,,121,124,3,0.8,0.2
G1472 PELHAM POLICE DEPARTMENT,Pelham Police Department   ,31.125205,-84.154281,28,,21,,1360,1381,21,0.8,0.2
G1672 PALMETTO POLICE DEPARTMENT,Palmetto Police Department   ,33.528947,-84.663229,16,,12,,1716,1728,12,0.8,0.2
G1831 FRANKLIN SPRINGS POLICE DEPT,Franklin Springs Police Dept  ,34.274306,-83.147024,8,,6,,700,706,6,0.8,0.2
G1658 LINCOLN COUNTY SHERIFFS OFFICE,Lincoln County Sheriffs Office  ,33.812714,-82.453456,47,,36,,1652,1688,36,0.8,0.2
G1515 LEE COUNTY SHERIFFS OFFICE,Lee County Sheriffs Office  ,31.62665,-84.120277,91,,70,51,14375,14496,70,0.8,0.2
G1402 HELEN POLICE DEPARTMENT,Helen Police Department   ,34.729196,-83.720937,18,,14,,1819,1833,14,0.8,0.2
G1839 ENIGMA POLICE DEPARTMENT,Enigma Police Department   ,31.417797,-83.355349,9,,7,,460,467,7,0.8,0.2
G1313 SCREVEN COUNTY SHERIFFS OFFICE,Screven County Sheriffs Office  ,32.749699,-81.706104,41,4,28,10,2826,2868,32,0.8,0.2
G1035 CLEVELAND POLICE DEPARTMENT,Cleveland Police Department   ,34.595944,-83.659572,14,,11,,2779,2790,11,0.8,0.2
G1671 ROCHELLE POLICE DEPARTMENT,Rochelle Police Department   ,31.948411,-83.453578,5,,4,,631,635,4,0.8,0.2
G2301 WIREGRASS GA. TECHNICAL COLLEGE POLICE,Wiregrass Ga. Technical College Police ,30.894151,-83.361224,5,2,2,4,361,369,4,0.8,0.2
G1428 FAIRBURN POLICE DEPARTMENT,Fairburn Police Department   ,33.56322,-84.584058,44,24,12,,7920,7956,36,0.8,0.2
G2364 CLAYTON COUNTY  SCHOOL POLICE,Clayton County School Police  ,33.536182,-84.358091,44,,36,,12240,12276,36,0.8,0.2
G2084 WALTHOURVILLE POLICE DEPARTMENT,Walthourville Police Department   ,31.770473,-81.62083,6,,5,20,439,464,5,0.8,0.2
G1742 EUHARLEE POLICE DEPARTMENT,Euharlee Police Department   ,34.147187,-84.935174,14,,12,,1203,1215,12,0.9,0.2
G1190 MOUNT AIRY POLICE DEPARTMENT,Mount Airy Police Department  ,34.51871,-83.50073,8,,7,,224,231,7,0.9,0.2
G1094 HANCOCK COUNTY SHERIFFS OFFICE,Hancock County Sheriffs Office  ,33.355102,-82.813531,53,40,7,12,3265,3324,47,0.9,0.2
G1378 TERRELL COUNTY SHERIFFS OFFICE,Terrell County Sheriffs Office  ,31.76615,-84.438586,30,,28,2,2699,2729,28,0.9,0.2
G1307 JASPER POLICE DEPARTMENT,Jasper Police Department   ,34.471872,-84.422966,16,8,7,,2323,2338,15,0.9,0.2
G1482 COOK COUNTY SHERIFFS OFFICE,Cook County Sheriffs Office  ,31.124571,-83.440087,53,8,42,30,7117,7197,50,0.9,0.2
G1053 HARTWELL POLICE DEPARTMENT,Hartwell Police Department   ,34.352301,-82.931905,27,,27,,5784,5811,27,1,0.2
G1085 NEWTON POLICE DEPARTMENT,Newton Police Department   ,31.31296,-84.33574,2,,2,,259,261,2,1,0.2
G1126 SOUTH GEORGIA TECH POLICE DEPT,South Georgia Tech Police Dept ,32.119096,-84.192582,1,,1,,,1,1,1,0.2
G1195 ARAGON POLICE DEPARTMENT,Aragon Police Department   ,34.043748,-85.059614,4,,4,,541,545,4,1,0.2
G1222 MOUNT ZION POLICE DEPARTMENT,Mount Zion Police Department  ,33.643002,-85.181782,9,4,5,8,1400,1417,9,1,0.2
G1431 SCHLEY COUNTY SHERIFFS OFFICE,Schley County Sheriffs Office  ,32.209028,-84.277064,9,,9,1,462,472,9,1,0.2
G1445 MIDVILLE POLICE DEPARTMENT,Midville Police Department   ,32.926431,-82.172337,2,,2,4,368,374,2,1,0.2
G1576 COOLIDGE POLICE DEPARTMENT,Coolidge Police Department   ,30.976287,-83.871284,1,,1,,199,200,1,1,0.2
G1629 BACON COUNTY SHERIFFS OFFICE,Bacon County Sheriffs Office  ,31.576952,-82.461197,18,,18,,2023,2041,18,1,0.2
G1767 MILAN POLICE DEPARTMENT,Milan Police Department   ,32.0174,-83.06265,1,,1,,49,50,1,1,0.2
G2325 DOOLY COUNTY SCHOOL POLICE,Dooly County School Police  ,32.090167,-83.79314,2,,2,,1628,1630,2,1,0.2
G1077 TALLAPOOSA POLICE DEPARTMENT,Tallapoosa Police Department   ,33.743068,-85.284702,16,,17,,2330,2347,17,1.1,0.2
G1364 ROBERTA POLICE DEPARTMENT,Roberta Police Department   ,32.687207,-84.010581,8,6,3,,1219,1228,9,1.1,0.2
G1523 PLAINS POLICE DEPARTMENT,Plains Police Department   ,32.034121,-84.392691,8,,9,,465,474,9,1.1,0.2
G1418 RINGGOLD POLICE DEPARTMENT,Ringgold Police Department   ,34.916489,-85.108999,15,,17,,3245,3262,17,1.1,0.2
G1630 MITCHELL COUNTY SHERIFFS OFFICE,Mitchell County Sheriffs Office  ,31.249152,-84.242837,44,,50,,3803,3853,50,1.1,0.2
G1110 BOWDON POLICE DEPARTMENT,Bowdon Police Department   ,33.53793,-85.252029,14,,16,,1537,1553,16,1.1,0.2
G1083 UNION COUNTY SHERIFFS OFFICE,Union County Sheriffs Office  ,34.874719,-83.942397,80,20,72,,8296,8388,92,1.2,0.2
G1038 WARWICK POLICE DEPARTMENT,Warwick Police Department   ,31.83101,-83.91879,8,,2,,951,953,2,0.3,0.1
G1291 HOBOKEN POLICE DEPARTMENT,Hoboken Police Department   ,31.178954,-82.123686,4,,1,,621,622,1,0.3,0.1
G1452 POULAN POLICE DEPARTMENT,Poulan Police Department   ,31.538397,-83.784347,8,,2,,648,650,2,0.3,0.1
G1535 RICHLAND POLICE DEPARTMENT,Richland Police Department   ,32.093715,-84.668644,12,,3,,1059,1062,3,0.3,0.1
G1731 ARLINGTON POLICE DEPARTMENT,Arlington Police Department   ,31.4399,-84.72492,4,,1,,377,378,1,0.3,0.1
G1003 WORTH COUNTY SHERIFFS OFFICE,Worth County Sheriffs Office  ,31.527689,-83.835529,27,,7,,5017,5024,7,0.3,0.1
G1411 BRANTLEY COUNTY SHERIFFS OFFICE,Brantley County Sheriffs Office  ,31.195458,-81.769039,42,,11,,3387,3398,11,0.3,0.1
G1120 HOMELAND POLICE DEPARTMENT,Homeland Police Department   ,30.856681,-82.021183,7,,2,,112,114,2,0.3,0.1
G1560 RANDOLPH COUNTY SHERIFFS OFFICE,Randolph County Sheriffs Office  ,31.731183,-84.832234,35,7,3,4,1977,1991,10,0.3,0.1
G2347 ATLANTA TECHNICAL COLLEGE POLICE DEPT.,Atlanta Technical College Police Dept. ,33.71194,-84.404223,14,2,2,4,1936,1944,4,0.3,0.1
G1708 JEFF DAVIS COUNTY SHERIFFS OFFICE,Jeff Davis County Sheriffs Office ,31.685812,-82.657399,38,,11,,2095,2106,11,0.3,0.1
G1162 HIAWASSEE POLICE DEPARTMENT,Hiawassee Police Department   ,34.945875,-83.75914,17,,5,,518,523,5,0.3,0.1
G1709 WASHINGTON COUNTY SHERIFFS OFFICE,Washington County Sheriffs Office  ,32.974982,-82.840564,60,,18,,4023,4041,18,0.3,0.1
G1066 EAST DUBLIN POLICE DEPARTMENT,East Dublin Police Department  ,32.547808,-82.870624,13,,4,1,1136,1141,4,0.3,0.1
G1115 JEFFERSON COUNTY SHERIFFS OFFICE,Jefferson County Sheriffs Office  ,33.028798,-82.437965,52,,17,,3062,3079,17,0.3,0.1
G1034 SYCAMORE POLICE DEPARTMENT,Sycamore Police Department   ,31.67391,-83.636912,6,,2,,262,264,2,0.3,0.1
G1508 FAIRMOUNT POLICE DEPARTMENT,Fairmount Police Department   ,34.462493,-84.743027,9,,3,,640,643,3,0.3,0.1
G1615 QUITMAN COUNTY SHERIFFS OFFICE,Quitman County Sheriffs Office  ,31.844937,-85.104383,6,,2,,568,570,2,0.3,0.1
G1668 WOODLAND POLICE DEPARTMENT,Woodland Police Department   ,32.790007,-84.56542,3,,1,,73,74,1,0.3,0.1
G1739 NICHOLLS POLICE DEPARTMENT,Nicholls Police Department   ,31.504909,-82.703064,12,,4,,418,422,4,0.3,0.1
G1741 STEWART COUNTY SHERIFFS OFFICE,Stewart County Sheriffs Office  ,32.069538,-84.728093,12,,4,,687,691,4,0.3,0.1
G1832 SOUTHEAST GA REGIONAL MED CTR. POLICE,Southeast Ga Regional Med Ctr. Police,31.17376,-81.483199,6,,2,4,415,421,2,0.3,0.1
G1480 COMMERCE POLICE DEPARTMENT,Commerce Police Department   ,34.217179,-83.482653,29,,10,,3785,3795,10,0.3,0.1
G1297 CUTHBERT POLICE DEPARTMENT,Cuthbert Police Department   ,31.731183,-84.832234,11,,4,,402,406,4,0.4,0.1
G1727 WILCOX COUNTY SHERIFFS OFFICE,Wilcox County Sheriffs Office  ,31.977048,-83.372515,11,4,,,1372,1376,4,0.4,0.1
G1422 MILLEN POLICE DEPARTMENT,Millen Police Department   ,32.779376,-81.973904,16,6,,,34,40,6,0.4,0.1
G1816 WALKER COUNTY POLICE DEPARTMENT,Walker County Police Department  ,34.697006,-85.255273,8,,3,1,366,370,3,0.4,0.1
G1318 FRANKLIN COUNTY SHERIFFS OFFICE,Franklin County Sheriffs Office  ,34.363122,-83.254745,72,,28,,7883,7911,28,0.4,0.1
G1088 NAHUNTA POLICE DEPARTMENT,Nahunta Police Department   ,31.195458,-81.769039,5,,2,1,148,151,2,0.4,0.1
G1300 BROXTON POLICE DEPARTMENT,Broxton Police Department   ,31.603532,-82.875413,10,,4,,544,548,4,0.4,0.1
G1749 MCINTYRE POLICE DEPARTMENT,Mcintyre Police Department   ,32.886524,-83.231724,5,,2,,792,794,2,0.4,0.1
G1768 MOLENA POLICE DEPARTMENT,Molena Police Department   ,33.022288,-84.436925,10,,4,,662,666,4,0.4,0.1
G1105 PIKE COUNTY SHERIFFS OFFICE,Pike County Sheriffs Office  ,33.077371,-84.321736,47,,20,,5749,5769,20,0.4,0.1
G1278 FORT GAINES POLICE DEPARTMENT,Fort Gaines Police Department  ,31.605174,-85.049942,7,,3,,291,294,3,0.4,0.1
G1303 MILLEN POLICE DEPARTMENT,Millen Police Department   ,32.779376,-81.973904,16,,7,,1318,1325,7,0.4,0.1
G1716 MILLER COUNTY SHERIFFS OFFICE,Miller County Sheriffs Office  ,31.174141,-84.738197,16,,7,,1337,1344,7,0.4,0.1
G1118 TWIGGS COUNTY SHERIFFS OFFICE,Twiggs County Sheriffs Office  ,32.661271,-83.331033,47,20,1,,5136,5157,21,0.4,0.1
G1586 HART COUNTY SHERIFFS OFFICE,Hart County Sheriffs Office  ,34.361177,-82.941703,60,,27,,4147,4174,27,0.5,0.1
G1322 JONES COUNTY SHERIFFS OFFICE,Jones County Sheriffs Office  ,32.991607,-83.567362,77,20,16,,12207,12243,36,0.5,0.1
G1563 CUMMING POLICE DEPARTMENT,Cumming Police Department   ,34.202944,-84.140226,21,,10,,3889,3899,10,0.5,0.1
G1578 BEN HILL COUNTY SHERIFFS OFFICE,Ben Hill County Sheriffs Office ,31.748753,-83.235412,63,,30,44,5888,5962,30,0.5,0.1
G1062 DODGE COUNTY SHERIFFS OFFICE,Dodge County Sheriffs Office  ,32.200429,-83.175376,50,,24,,3785,3809,24,0.5,0.1
G1046 TELFAIR COUNTY SHERIFFS OFFICE,Telfair County Sheriffs Office  ,31.991688,-83.202752,27,,13,,1779,1792,13,0.5,0.1
G1033 COFFEE COUNTY SHERIFFS OFFICE,Coffee County Sheriffs Office  ,31.515962,-82.892436,118,,58,20,11129,11207,58,0.5,0.1
G1020 COLLINS POLICE DEPARTMENT,Collins Police Department   ,32.1813,-82.10901,2,,1,,106,107,1,0.5,0.1
G1043 EDISON POLICE DEPARTMENT,Edison Police Department   ,31.55823,-84.73825,8,,4,,758,762,4,0.5,0.1
G1097 LAKE PARK POLICE DEPARTMENT,Lake Park Police Department  ,30.68372,-83.182655,6,,3,,438,441,3,0.5,0.1
G1266 LANIER COUNTY SHERIFFS OFFICE,Lanier County Sheriffs Office  ,31.039236,-83.080991,12,,6,24,1287,1317,6,0.5,0.1
G1271 LEARY POLICE DEPARTMENT,Leary Police Department   ,31.523476,-84.533659,2,,1,,149,150,1,0.5,0.1
G1331 IRWINTON POLICE DEPARTMENT,Irwinton Police Department   ,32.751414,-83.145237,2,,1,,174,175,1,0.5,0.1
G1346 WEBSTER COUNTY SHERIFFS OFFICE,Webster County Sheriffs Office  ,32.076133,-84.543517,4,,2,,707,709,2,0.5,0.1
G1408 LUMPKIN POLICE DEPARTMENT,Lumpkin Police Department   ,32.069538,-84.728093,4,,2,,1742,1744,2,0.5,0.1
G1487 COCHRAN POLICE DEPARTMENT,Cochran Police Department   ,32.38653,-83.354885,16,,8,,2182,2190,8,0.5,0.1
G1494 WARE COUNTY POLICE DEPARTMENT,Ware County Police Department  ,31.215503,-82.35546,4,,2,,661,663,2,0.5,0.1
G1506 GREENVILLE POLICE DEPARTMENT,Greenville Police Department   ,33.046754,-84.740188,10,,5,,875,880,5,0.5,0.1
G1730 TALBOTTON POLICE DEPARTMENT,Talbotton Police Department   ,32.673738,-84.537989,6,,3,,203,206,3,0.5,0.1
G2090 STILLMORE POLICE DEPARTMENT,Stillmore Police Department   ,32.43723,-82.22496,4,,2,,97,99,2,0.5,0.1
G1236 LOCUST GROVE POLICE DEPARTMENT,Locust Grove Police Department  ,33.372111,-84.115645,20,8,3,,3226,3237,11,0.6,0.1
G1530 MACON COUNTY SHERIFFS OFFICE,Macon County Sheriffs Office  ,32.327479,-84.101472,27,,15,7,952,974,15,0.6,0.1
G1232 STEPHENS COUNTY SHERIFFS OFFICE,Stephens County Sheriffs Office  ,34.580144,-83.331457,66,24,13,18,8647,8702,37,0.6,0.1
G1584 SPARTA POLICE DEPARTMENT,Sparta Police Department   ,33.275542,-82.974938,16,8,1,4,696,709,9,0.6,0.1
G1306 LAKELAND POLICE DEPARTMENT,Lakeland Police Department   ,31.040511,-83.075253,7,,4,,546,550,4,0.6,0.1
G1633 JACKSON POLICE DEPARTMENT,Jackson Police Department   ,33.293517,-83.966309,14,4,4,,3985,3993,8,0.6,0.1
G2445 TWIN CITY POLICE DEPARTMENT,Twin City Police Department  ,32.551534,-82.514707,14,,8,,1282,1290,8,0.6,0.1
G1444 BREMEN POLICE DEPARTMENT,Bremen Police Department   ,33.722015,-85.142943,26,,15,9,4662,4686,15,0.6,0.1
G1070 STATHAM POLICE DEPARTMENT,Statham Police Department   ,33.980323,-83.590148,5,3,,,895,898,3,0.6,0.1
G1145 DOERUN POLICE DEPARTMENT,Doerun Police Department   ,31.31963,-83.91712,10,,6,1,630,637,6,0.6,0.1
G1166 TURNER COUNTY SHERIFFS OFFICE,Turner County Sheriffs Office  ,31.682083,-83.638466,40,20,4,8,4929,4961,24,0.6,0.1
G1002 MARSHALLVILLE POLICE DEPT,Marshallville Police Dept   ,32.438321,-83.905039,13,,8,,684,692,8,0.6,0.1
G1026 TENNILLE POLICE DEPARTMENT,Tennille Police Department   ,32.873449,-82.782879,13,,8,,442,450,8,0.6,0.1
G1352 JOHNSON COUNTY SHERIFFS OFFICE,Johnson County Sheriffs Office  ,32.72998,-82.718694,26,8,8,,2130,2146,16,0.6,0.1
G1076 BALDWIN COUNTY SHERIFFS OFFICE,Baldwin County Sheriffs Office  ,33.072279,-83.239008,128,20,59,,15619,15698,79,0.6,0.1
G1484 BROOKS COUNTY SHERIFFS OFFICE,Brooks County Sheriffs Office  ,30.78944,-83.587777,40,8,17,4,4199,4228,25,0.6,0.1
G1009 CLAY COUNTY SHERIFFS OFFICE,Clay County Sheriffs Office  ,31.63618,-85.054942,11,,7,,550,557,7,0.6,0.1
G1499 ECHOLS COUNTY SHERIFFS OFFICE,Echols County Sheriffs Office  ,30.70327,-83.02764,11,,7,,1905,1912,7,0.6,0.1
G1121 CLAXTON POLICE DEPARTMENT,Claxton Police Department   ,32.155974,-81.930957,14,,9,,1018,1027,9,0.6,0.1
G1316 CHICKAMAUGA POLICE DEPARTMENT,Chickamauga Police Department   ,34.882376,-85.283233,14,,9,8,1178,1195,9,0.6,0.1
G1542 MONTEZUMA POLICE DEPARTMENT,Montezuma Police Department   ,32.305158,-84.027407,14,,9,6,1777,1792,9,0.6,0.1
G1619 HAZLEHURST POLICE DEPARTMENT,Hazlehurst Police Department   ,31.860864,-82.602831,14,,9,,2636,2645,9,0.6,0.1
G1365 MONTGOMERY COUNTY SHERIFF'S OFFICE,Montgomery County Sheriff'S Office  ,32.163981,-82.588479,26,16,1,,1760,1777,17,0.7,0.1
G1109 HEPHZIBAH POLICE DEPARTMENT,Hephzibah Police Department   ,33.32229,-82.058032,15,8,2,,1213,1223,10,0.7,0.1
G1263 VIENNA POLICE DEPARTMENT,Vienna Police Department   ,32.115981,-83.791644,6,,4,,874,878,4,0.7,0.1
G1775 PORTAL POLICE DEPT,Portal Police Dept   ,32.552055,-81.924195,3,,2,,388,390,2,0.7,0.1
G1678 CLINCH COUNTY SHERIFFS OFFICE,Clinch County Sheriffs Office  ,31.039337,-82.750045,16,,11,,2185,2196,11,0.7,0.1
G1398 MARION COUNTY SHERIFFS OFFICE,Marion County Sheriffs Office  ,32.254152,-84.489818,13,,9,,859,868,9,0.7,0.1
G1019 RAY CITY POLICE DEPARTMENT,Ray City Police Department  ,31.083619,-83.228709,6,,,,462,462,0,0,0
G1029 SPARKS POLICE DEPARTMENT,Sparks Police Department   ,31.212878,-83.412143,6,,,,849,849,0,0,0
G1044 MILNER POLICE DEPARTMENT,Milner Police Department   ,33.11679,-84.19659,10,,,,5,5,0,0,0
G1063 MCCAYSVILLE POLICE DEPARTMENT,Mccaysville Police Department   ,34.98619,-84.37131,10,,,,453,453,0,0,0
G1102 ZEBULON POLICE DEPARTMENT,Zebulon Police Department   ,33.077371,-84.321736,15,,,,1124,1124,0,0,0
G1140 WHIGHAM POLICE DEPARTMENT,Whigham Police Department   ,30.901959,-84.311493,6,,,,427,427,0,0,0
G1179 PAVO POLICE DEPARTMENT,Pavo Police Department   ,30.958368,-83.741996,3,,,,325,325,0,0,0
G1186 ARCADE POLICE DEPARTMENT,Arcade Police Department   ,34.10601,-83.589021,5,,,,345,345,0,0,0
G1199 MOUNTAIN CITY POLICE DEPT.,Mountain City Police Dept.  ,34.91815,-83.38544,5,,,,306,306,0,0,0
G1225 GEORGIA PUBLIC SAFETY TRNG CENTER POLICE,Georgia Public Safety Trng Center Police,33.058991,-83.960704,43,,,,146,146,0,0,0
G1268 TIGNALL POLICE DEPARTMENT,Tignall Police Department   ,33.868603,-82.741067,3,,,,113,113,0,0,0
G1281 CALHOUN COUNTY SHERIFFS OFFICE,Calhoun County Sheriffs Office  ,31.53796,-84.611559,10,,,,840,840,0,0,0
G1288 BLUE RIDGE POLICE DEPARTMENT,Blue Ridge Police Department  ,34.869221,-84.323629,16,,,,1833,1833,0,0,0
G1311 DARIEN POLICE DEPARTMENT,Darien Police Department   ,31.413831,-81.369263,16,,,4,1863,1867,0,0,0
G1321 HAMILTON POLICE DEPARTMENT,Hamilton Police Department   ,32.746007,-84.934906,4,,,,308,308,0,0,0
G1363 OMEGA POLICE DEPARTMENT,Omega Police Department   ,31.34102,-83.5935,7,,,,230,230,0,0,0
G1374 CLIMAX POLICE DEPARTMENT,Climax Police Department   ,30.875425,-84.433043,2,,,,63,63,0,0,0
G1389 NELSON POLICE DEPARTMENT,Nelson Police Department   ,34.242944,-84.458326,4,,0,,277,277,0,0,0
G1403 JEFFERSONVILLE POLICE DEPT,Jeffersonville Police Dept   ,32.661271,-83.331033,3,,,,90,90,0,0,0
G1407 IDEAL POLICE DEPARTMENT,Ideal Police Department   ,32.372937,-84.212159,3,,,,126,126,0,0,0
G1417 SHILOH POLICE DEPARTMENT,Shiloh Police Department   ,32.791278,-84.733595,2,,,,31,31,0,0,0
G1423 JENKINS COUNTY SHERIFFS OFFICE,Jenkins County Sheriffs Office  ,32.779376,-81.973904,19,,,,987,987,0,0,0
G1439 MANCHESTER POLICE DEPARTMENT,Manchester Police Department   ,32.91107,-84.615478,22,,,,1710,1710,0,0,0
G1453 SALE CITY POLICE DEPARTMENT,Sale City Police Department  ,31.27433,-84.047656,7,,,,25,25,0,0,0
G1466 TRENTON POLICE DEPARTMENT,Trenton Police Department   ,34.871687,-85.50208,7,,,8,1038,1046,0,0,0
G1467 HILTONIA POLICE DEPARTMENT,Hiltonia Police Department   ,32.883494,-81.658166,7,,,,1,1,0,0,0
G1471 BALL GROUND POLICE DEPARTMENT,Ball Ground Police Department  ,34.33815,-84.37659,4,,,,594,594,0,0,0
G1509 BOSTON POLICE DEPARTMENT,Boston Police Department   ,30.79186,-83.78989,4,,,,205,205,0,0,0
G1511 CHAUNCEY POLICE DEPARTMENT,Chauncey Police Department   ,32.150374,-83.055544,1,,,,84,84,0,0,0
G1520 WRIGHTSVILLE POLICE DEPARTMENT,Wrightsville Police Department   ,32.728382,-82.731887,10,,,,1245,1245,0,0,0
G1552 WAVERLY HALL POLICE DEPARTMENT,Waverly Hall Police Department  ,32.68347,-84.73826,4,,,,195,195,0,0,0
G1574 FOLKSTON POLICE DEPARTMENT,Folkston Police Department   ,30.830217,-82.006462,6,,,,1008,1008,0,0,0
G1620 PATTERSON POLICE DEPARTMENT,Patterson Police Department   ,31.369686,-82.115363,9,,,,199,199,0,0,0
G1639 ABBEVILLE POLICE DEPARTMENT,Abbeville Police Department   ,31.992882,-83.307824,7,,,,406,406,0,0,0
G1683 MOUNT VERNON POLICE DEPARTMENT,Mount Vernon Police Department  ,32.163981,-82.588479,10,,,,518,518,0,0,0
G1685 OGLETHORPE POLICE DEPARTMENT,Oglethorpe Police Department   ,32.292894,-84.06124,4,,,,499,499,0,0,0
G1710 LOOKOUT MOUNTAIN POLICE DEPARTMENT,Lookout Mountain Police Department  ,34.977701,-85.357612,11,,,,985,985,0,0,0
G1725 UVALDA POLICE DEPARTMENT,Uvalda Police Department   ,32.028823,-82.516246,1,,,,100,100,0,0,0
G1747 TALLULAH FALLS POLICE DEPT,Tallulah Falls Police Dept  ,34.742007,-83.397716,5,,,,483,483,0,0,0
G1765 CANON POLICE DEPARTMENT,Canon Police Department   ,34.344701,-83.1099,3,,,,399,399,0,0,0
G1814 WILLACOOCHEE POLICE DEPARTMENT,Willacoochee Police Department   ,31.361682,-82.968235,5,,,,751,751,0,0,0
G2062 GRAHAM POLICE DEPARTMENT,Graham Police Department   ,31.780792,-82.355396,3,,,,58,58,0,0,0
G2066 WASHINGTON CO. BOARD OF EDUCATION POLICE,Washington Co. Board Of Education Police,32.98446,-82.810549,14,,,,524,524,0,0,0
G2083 ROSWELL PARK POLICE,Roswell Park Police   ,34.021605,-84.349891,5,,,,281,281,0,0,0
G2116 JACKSONVILLE POLICE DEPARTMENT,Jacksonville Police Department   ,31.83245,-82.977178,1,,,,24,24,0,0,0
G2153 RANDOLPH COUNTY SCHOOL POLICE,Randolph County School Police  ,31.757958,-84.7955,1,,,,28,28,0,0,0
G2182 TWIGGS COUNTY BOARD OF EDUCATION POLICE,Twiggs County Board Of Education Police,32.661271,-83.331033,3,,,,236,236,0,0,0
G2207 GEORGIA MILITARY COLLEGE POLICE DEPT.,Georgia Military College Police Dept. ,33.079998,-83.224993,4,,,,400,400,0,0,0
G2216 ALTO POLICE DEPARTMENT,Alto Police Department   ,34.470972,-83.569732,9,,,,679,679,0,0,0
G2297 MCINTOSH COUNTY CAMPUS POLICE DEPARTMENT,Mcintosh County Campus Police Department ,31.373524,-81.425244,2,,,,84,84,0,0,0
G2324 APPLING CO. BOARD OF EDUCATION POLICE,Appling Co. Board Of Education Police,31.683434,-82.302894,2,,,,218,218,0,0,0
G2333 CARL POLICE DEPARTMENT,Carl Police Department   ,34.019109,-83.826094,2,,,,416,416,0,0,0
G2336 OAK PARK POLICE DEPARTMENT,Oak Park Police Department  ,32.359151,-82.314915,8,,,2,360,362,0,0,0
G2437 Georgia Northwest Technical College Police Academy,Georgia Northwest Technical College Police Academy,34.469499,-84.976028,1,,,,4,4,0,0,0
G2446 TELFAIR COUNTY SCHOOL POLICE,Telfair County School Police  ,32.065221,-82.900573,2,,,,26,26,0,0,0
G2457 ALBANY TECHNICAL COLLEGE POLICE DEPARTMENT,Albany Technical College Police Department ,31.554631,-84.17679,3,,,28,56,84,0,0,0
G2460 LANIER TECH. COLLEGE POLICE,Lanier Tech. College Police  ,34.232094,-83.868375,2,,,28,,28,0,0,0
G1320 PIERCE COUNTY SHERIFFS OFFICE,Pierce County Sheriffs Office  ,31.302866,-82.233213,48,,2,14,3002,3018,2,0,0
G1343 CANDLER COUNTY SHERIFFS OFFICE,Candler County Sheriffs Office  ,32.39938,-82.048201,23,,1,,1696,1697,1,0,0
G1694 COLQUITT POLICE DEPARTMENT,Colquitt Police Department   ,31.17285,-84.738404,15,,1,,2298,2299,1,0.1,0
G1130 WARM SPRINGS POLICE DEPT,Warm Springs Police Dept  ,32.906319,-84.716723,14,,1,,218,219,1,0.1,0
G1216 DEMOREST POLICE DEPARTMENT,Demorest Police Department   ,34.573483,-83.575411,14,,1,,637,638,1,0.1,0
G1536 BLAIRSVILLE POLICE DEPARTMENT,Blairsville Police Department   ,34.867512,-83.967636,14,,1,,580,581,1,0.1,0
G1204 CHATTAHOOCHEE COUNTY SHERIFFS OFFICE,Chattahoochee County Sheriffs Office  ,32.292547,-84.736706,12,,1,,1359,1360,1,0.1,0
G1280 TUNNEL HILL POLICE DEPARTMENT,Tunnel Hill Police Department  ,34.875416,-85.050047,11,,1,,824,825,1,0.1,0
G1175 ATKINSON COUNTY SHERIFFS OFFICE,Atkinson County Sheriffs Office  ,31.340836,-82.853406,19,,2,,1184,1186,2,0.1,0
G1355 EARLY COUNTY SHERIFFS OFFICE,Early County Sheriffs Office  ,31.37768,-84.93409,46,,5,,5926,5931,5,0.1,0
G1628 ROSSVILLE POLICE DEPARTMENT,Rossville Police Department   ,34.98313,-85.28607,18,,2,1,1039,1042,2,0.1,0
G1750 LUMBER CITY POLICE DEPARTMENT,Lumber City Police Department  ,31.931373,-82.682963,18,,2,,387,389,2,0.1,0
G1624 GRANTVILLE POLICE DEPARTMENT,Grantville Police Department   ,33.231628,-84.840362,17,,2,2,3137,3141,2,0.1,0
G1518 NORMAN PARK POLICE DEPARTMENT,Norman Park Police Department  ,31.246179,-83.654904,8,,1,,461,462,1,0.1,0
G1651 WILKES COUNTY SHERIFFS OFFICE,Wilkes County Sheriffs Office  ,33.720353,-82.727982,40,,5,,2940,2945,5,0.1,0
G1366 CLARKESVILLE POLICE DEPARTMENT,Clarkesville Police Department   ,34.655918,-83.508274,22,,3,,633,636,3,0.1,0
G1160 CHARLTON COUNTY SHERIFFS OFFICE,Charlton County Sheriffs Office  ,30.830524,-82.005057,29,,4,,3945,3949,4,0.1,0
G1135 CAVE SPRING POLICE DEPARTMENT,Cave Spring Police Department  ,34.107701,-85.334374,14,,2,,55,57,2,0.1,0
G1141 GRAY POLICE DEPARTMENT,Gray Police Department   ,32.991607,-83.567362,13,,2,,1744,1746,2,0.2,0
G1185 WINTERVILLE POLICE DEPARTMENT,Winterville Police Department   ,33.930735,-83.292152,13,,2,,861,863,2,0.2,0
G1008 ETON POLICE DEPARTMENT,Eton Police Department   ,34.830119,-84.761326,6,,1,,256,257,1,0.2,0
G1251 SOPERTON POLICE DEPARTMENT,Soperton Police Department   ,32.350376,-82.552655,12,,2,,929,931,2,0.2,0
G1419 LESLIE POLICE DEPT.,Leslie Police Dept.   ,32.000148,-84.088354,6,,1,,327,328,1,0.2,0
G1521 WARRENTON POLICE DEPARTMENT,Warrenton Police Department   ,33.406118,-82.641067,12,,2,,1748,1750,2,0.2,0
G1616 COMER POLICE DEPARTMENT,Comer Police Department   ,34.105661,-83.144463,6,,1,,627,628,1,0.2,0
G1392 Pine Mountain Police Department,Pine Mountain Police Department  ,32.834241,-84.904638,11,,2,6,1210,1218,2,0.2,0
G1143 BUTLER POLICE DEPARTMENT,Butler Police Department   ,32.572668,-84.226075,10,,2,,1392,1394,2,0.2,0
G1223 BERLIN POLICE DEPARTMENT,Berlin Police Department   ,31.06824,-83.62378,5,,1,,339,340,1,0.2,0
G1470 REIDSVILLE POLICE DEPARTMENT,Reidsville Police Department   ,32.031081,-82.146011,10,,2,,1071,1073,2,0.2,0
G1546 BLYTHE POLICE DEPARTMENT,Blythe Police Department   ,33.301287,-82.212296,5,,1,,420,421,1,0.2,0
G1572 STAPLETON POLICE DEPARTMENT,Stapleton Police Department   ,33.181447,-82.438568,5,,1,,299,300,1,0.2,0
G1738 WOODBURY POLICE DEPARTMENT,Woodbury Police Department   ,32.968248,-84.625409,10,,2,5,827,834,2,0.2,0
G1772 KINGSTON POLICE DEPARTMENT,Kingston Police Department   ,34.343576,-84.715845,5,,1,6,141,148,1,0.2,0
G2144 DECATUR CO. BOARD OF EDUCATION POLICE,Decatur Co. Board Of Education Police,30.905334,-84.576499,5,,1,,488,489,1,0.2,0
G2183 ANDREW COLLEGE POLICE DEPARTMENT,Andrew College Police Department  ,31.772035,-84.796754,5,,1,,273,274,1,0.2,0
G1736 LUDOWICI POLICE DEPTARTMENT,Ludowici Police Deptartment   ,31.780996,-81.773916,14,,3,,825,828,3,0.2,0
G1226 BAKER COUNTY SHERIFFS OFFICE,Baker County Sheriffs Office  ,31.31296,-84.33574,9,,2,,1330,1332,2,0.2,0
G1587 NEWINGTON POLICE DEPARTMENT,Newington Police Department   ,32.580957,-81.482625,9,,2,,48,50,2,0.2,0
G1158 PULASKI COUNTY SHERIFFS OFFICE,Pulaski County Sheriffs Office  ,32.275664,-83.49009,22,,5,,3251,3256,5,0.2,0
G1409 CLAYTON POLICE DEPARTMENT,Clayton Police Department   ,34.881264,-83.410162,13,2,1,,1551,1554,3,0.2,0
G1295 BLACKSHEAR POLICE DEPARTMENT,Blackshear Police Department   ,31.304003,-82.234191,17,,4,,2832,2836,4,0.2,0